Num;Lat;Lng;Dist (m);Slope (rad);Altitude (m)
0;48.78816;2.04723;0;0;164.6
1;48.78868;2.04825;94.48354413857703;0.012700624335598612;165.8
2;48.78869;2.04826;95.81513184975806;0.0;165.8
3;48.78902;2.04891;155.9316281060921;0.013307495443327553;166.6
4;48.78914;2.0492;181.01945766836366;-0.015943985868014165;166.2
5;48.78918;2.04941;197.03385004286997;-0.012488766062605863;166.0
6;48.789159999999995;2.04946;201.31903753392425;0.0;166.0
7;48.789159999999995;2.04956;208.644912906519;0.0;166.0
8;48.78914;2.04966;216.30090376638327;0.013061666586389756;166.1
9;48.78911;2.04972;221.81892419822992;0.018122441052022067;166.2
10;48.78906;2.0497900000000002;229.38254756149837;0.03966352971208411;166.5
11;48.78895;2.0499;244.02998410754194;0.02730853270759176;166.9
12;48.7889;2.0499400000000003;250.31471255896858;0.015911586438916714;167.0
13;48.788779999999996;2.04998;263.9760869470911;0.029279630924087172;167.4
14;48.78872;2.04999;270.68788368330013;0.029798280231137262;167.6
15;48.78862;2.04993;282.6446448015828;0.03345387568113075;168.0
16;48.78857;2.04988;289.3025869706731;0.0;168.0
17;48.78853;2.04981;296.0908915168381;0.0;168.0
18;48.7885;2.04973;302.8345234433577;0.0;168.0
19;48.78848;2.04964;309.79285155227416;0.028742536550368524;168.2
20;48.78848;2.04955;316.38622873809936;0.015166734312577857;168.3
21;48.78849;2.04945;323.7961089707143;0.04048648434012725;168.6
22;48.788509999999995;2.04936;330.7544358343533;0.0;168.6
23;48.788540000000005;2.04927;338.14364589297315;0.013533246342528794;168.7
24;48.78862;2.0491099999999998;352.85846845622615;0.0067958685583984334;168.8
25;48.78867;2.04903;360.93679082677306;-0.06189403901767671;168.3
26;48.788779999999996;2.04877;383.57333614289763;-0.048593987494039786;167.2
27;48.78888;2.0486400000000002;398.213827616001;-0.013660743586881354;167.0
28;48.78895;2.0485700000000002;407.5349286603075;-0.01072834631066214;166.9
29;48.788959999999996;2.04855;409.37427275809546;-0.05436720628851209;166.8
30;48.78928;2.04818;454.10488610961306;0.00894242153257678;167.2
31;48.78952;2.04794;486.06285333736616;0.04067843210224766;168.5
32;48.789559999999994;2.04789;491.82478079319213;0.05206591063493487;168.8
33;48.78971;2.04773;512.2106985866521;0.06376951055973704;170.1
34;48.78978;2.0476400000000003;522.4114612170274;0.049015943034604985;170.6
35;48.78985;2.04757;531.7325116579802;0.05364202277065329;171.1
36;48.79032;2.0470099999999998;598.1723867063901;0.0015051202297886883;171.2
37;48.79058;2.04664;637.8020570895051;-0.03280370458377246;169.9
38;48.79065;2.04651;650.1016321979071;-0.016260724312614244;169.7
39;48.790820000000004;2.04615;682.548944203247;-0.021573435725116098;169.0
40;48.790890000000005;2.04596;698.4962054920611;-0.012541338376406651;168.8
41;48.79098;2.04565;723.3128982712358;-0.012088637380874574;168.5
42;48.791090000000004;2.0452;758.4741420482299;-0.01137616184845331;168.1
43;48.79159;2.04281;942.1705478962074;-0.004899388182612688;167.2
44;48.79159;2.04278;944.3682040732285;0.04550302319608943;167.3
45;48.79187;2.04146;1045.9536108564432;0.02559422738295911;169.9
46;48.791940000000004;2.0413200000000002;1058.8285392236212;0.02330110051445206;170.2
47;48.79206;2.04101;1085.1675124622006;0.0;170.2
48;48.79211;2.04091;1094.3638689331574;-0.05436935829739281;169.7
49;48.792159999999996;2.04083;1102.4418955720573;-0.06189630492083752;169.2
50;48.79224;2.04073;1113.965503601884;-0.052067026095212986;168.6
51;48.79233;2.04065;1125.5626780257207;-0.051736740181017815;168.0
52;48.79242;2.0405900000000003;1136.492869746023;-0.0548938221170926;167.4
53;48.79249;2.0405599999999997;1144.5808023329969;-0.03709229729278172;167.1
54;48.79267;2.04054;1164.6494381815464;-0.004982899722465259;167.0
55;48.792790000000004;2.04057;1178.1725872916402;0.0073947273069224235;167.1
56;48.79287;2.0406;1187.3356134782412;0.04365370041012477;167.5
57;48.793079999999996;2.04074;1212.8393448407232;0.04705193851615305;168.7
58;48.79327;2.04088;1236.3239138432193;0.012774345569983657;169.0
59;48.7936;2.0411;1276.4011465686324;-0.047408462880103266;167.1
60;48.79367;2.04117;1285.7219822256657;-0.05364325886624945;166.6
61;48.79374;2.04123;1294.660789157804;-0.03356152585882256;166.3
62;48.79381;2.04128;1303.2631011659737;-0.034874345375417046;166.0
63;48.793890000000005;2.04136;1313.9154709586892;-0.009387582476565752;165.9
64;48.794;2.0415;1329.877246292603;0.018794901802844804;166.2
65;48.79407;2.04162;1341.618314337034;0.025551338163167275;166.5
66;48.7942;2.0419;1366.7108248139011;0.06376404630676727;168.1
67;48.79422;2.04196;1371.636520478947;0.06090510262923903;168.4
68;48.79424;2.04205;1378.5941338987477;0.014372744498192935;168.5
69;48.794309999999996;2.04229;1397.8204797828255;0.020804785392489106;168.9
70;48.79448;2.04298;1451.7829701333808;-0.00741255634055239;168.5
71;48.7945;2.04304;1456.7086439108418;-0.020301791088474845;168.4
72;48.794540000000005;2.04323;1471.3197565428356;0.006844105751469229;168.5
73;48.7946;2.0434200000000002;1486.753902118679;-0.01943742195029913;168.2
74;48.79465;2.0434900000000003;1494.3171416072348;0.0;168.2
75;48.79469;2.04363;1505.4952433796186;-0.035784251042355546;167.8
76;48.79484;2.04399;1536.6975628291425;0.003204889949343824;167.9
77;48.79493;2.0441599999999998;1552.6730863982982;0.025038303018268124;168.3
78;48.79507;2.04438;1575.0792316365337;0.022315306568073286;168.8
79;48.79513;2.04446;1583.9590513495075;0.0;168.8
80;48.795190000000005;2.04452;1591.9482655600254;0.0;168.8
81;48.79522;2.04454;1595.591629568925;0.027447161402407695;168.9
82;48.79528;2.04461;1604.0060623695408;-0.01188434234006572;168.8
83;48.79552;2.0448;1634.1038907431073;-0.043192484981466106;167.5
84;48.79571;2.0449200000000003;1656.9865116022245;-0.039331159028552436;166.6
85;48.795809999999996;2.04497;1668.6936333700905;-0.03416723665571955;166.2
86;48.79593;2.04501;1682.3549196973008;-0.014639909830572386;166.0
87;48.79626;2.04505;1719.1660338317681;-0.013582854302468311;165.5
88;48.7964;2.04504;1734.7505466787588;-0.03208313310201055;165.0
89;48.796640000000004;2.045;1761.5976840980627;-0.033523127100801554;164.1
90;48.79708;2.04486;1811.5865691234674;-0.006001334093519421;163.8
91;48.79735;2.0447599999999997;1842.4897978119052;0.0032359078401865585;163.9
92;48.79743;2.04474;1851.5052084380557;0.0;163.9
93;48.797670000000004;2.04466;1878.8277390043067;0.0036599830955451346;164.0
94;48.79782;2.04462;1895.7623493406918;0.0;164.0
95;48.79805;2.0446;1921.3791031695496;0.0;164.0
96;48.798120000000004;2.0446;1929.162748034769;0.051389806051836934;164.4
97;48.79826;2.0446299999999997;1944.8843551914645;0.050885382901791114;165.2
98;48.79835;2.04467;1955.3119506453538;0.06712957010035635;165.9
99;48.79845;2.0447;1966.6464774885008;0.03529040122586637;166.3
100;48.79855;2.04475;1978.3535366767617;0.05125112894292355;166.9
101;48.79861;2.0447900000000003;1985.6401854350659;0.04117118993255795;167.2
102;48.79868;2.04482;1993.7280443517916;0.012364211719027633;167.3
103;48.79873;2.04486;2000.0125064981305;0.0;167.3
104;48.7988;2.0449;2008.3292842420226;-0.012023887505406101;167.2
105;48.79945;2.04535;2087.76653093513;-0.023918250935109978;165.3
106;48.8002;2.04593;2181.3590763460356;0.0;165.3
107;48.80145;2.0469999999999997;2340.9237375303333;-0.0018801155454684954;165.0
108;48.80154;2.0470900000000003;2352.9071008792907;0.0;165.0
109;48.80206;2.04756;2420.199364039573;0.013374494447546114;165.9
110;48.80237;2.04779;2458.5656087081784;-0.03649041004906083;164.5
111;48.80682;2.0523;3053.4935798277656;-0.051770973118036294;133.7
112;48.80685;2.05234;3057.933037375721;-0.02252527452279614;133.6
113;48.80853;2.05405;3282.829979886645;-0.023121701620053853;128.4
114;48.80856;2.0540700000000003;3286.4731872557127;-0.05489668298821239;128.2
115;48.81004;2.05557;3484.3329775038806;-0.01617306879779036;125.0
116;48.81005;2.05559;3486.1718310125284;-0.05438171095724378;124.9
117;48.8114;2.057;3668.3657165183813;-0.012075048478667666;122.7
118;48.81231;2.05804;3795.00858228222;-0.028426394004011438;119.1
119;48.81237;2.0581;3802.9969685087776;-0.012518172902999919;119.0
120;48.81388;2.05995;4018.733729201662;-0.013905835938042569;116.0
121;48.818690000000004;2.06641;4732.727323216879;-0.011624754156860267;107.7
122;48.8188;2.0665400000000003;4748.2257394548915;-0.025809088738947696;107.3
123;48.81906;2.0669;4787.347923990858;0.015336566889520127;107.9
124;48.81907;2.06692;4789.186567654273;0.0543879175665156;108.0
125;48.821909999999995;2.07078;5212.966685021887;0.00023597142929017545;108.1
126;48.82257;2.07164;5309.6619773292905;-0.06928982621718624;101.4
127;48.82263;2.07173;5319.038812072496;-0.03199373863524815;101.1
128;48.82271;2.07182;5330.108815746171;0.0;101.1
129;48.82286;2.07205;5353.809504409643;0.037973580125842746;102.0
130;48.82373;2.0732;5482.053584265147;0.05068460085895354;108.5
131;48.82398;2.07356;5520.359599683859;0.06787445709453586;111.1
132;48.82528;2.07527;5711.583796584521;0.004706517347632219;112.0
133;48.830890000000004;2.08233;6521.657089751123;0.01172733390933579;121.5
134;48.831340000000004;2.0829400000000002;6588.720022712035;0.0029822733836674742;121.7
135;48.83266;2.08459;6778.798600231022;0.020517830314730832;125.6
136;48.83279;2.0847700000000002;6798.35724887929;0.00511282767017054;125.7
137;48.83293;2.08493;6817.837815016167;0.0102666420777882;125.9
138;48.83636;2.08925;7313.2583797177185;0.020184870618005432;135.9
139;48.83637;2.08927;7315.096620863221;0.0;135.9
140;48.8365;2.08942;7333.248297611948;0.027545664619388455;136.4
141;48.83651;2.08944;7335.086535499376;0.0;136.4
142;48.83728;2.09038;7444.922427146698;0.0027313476086966845;136.7
143;48.83728;2.09039;7445.654311881875;0.0;136.7
144;48.83798;2.09127;7546.6818781649845;0.04058298295052082;140.8
145;48.83849;2.09197;7623.105488387757;0.011776465379959192;141.7
146;48.83902;2.0929;7713.137397836748;0.04442869227677834;145.7
147;48.839859999999994;2.0947299999999998;7876.420190926538;0.035521195407347966;151.5
148;48.839940000000006;2.09479;7886.340532018196;0.11088328413677302;152.6
149;48.83997;2.09482;7890.334059663066;0.10016207112373764;153.0
150;48.84012;2.09505;7914.030628349007;0.08018038498237401;154.9
151;48.840140000000005;2.0950900000000003;7917.70693542533;0.08160362934101366;155.2
152;48.84029;2.09527;7938.960852297592;0.08469027195401979;157.0
153;48.840540000000004;2.09551;7971.843496600494;0.024328943640624934;157.8
154;48.840759999999996;2.0956599999999996;7998.656532709121;0.03356576242816521;158.7
155;48.84085;2.09571;8009.312067507971;0.05630876453660706;159.3
156;48.84105;2.09579;8032.308792975684;0.11740801984138019;162.0
157;48.84131;2.09584;8061.450117038844;0.10980969818201908;165.2
158;48.841429999999995;2.09585;8074.813561820322;0.10476340665847018;166.6
159;48.84153;2.09585;8085.933054485147;0.08993216058888762;167.6
160;48.84176;2.0958200000000002;8111.601949022682;0.07791531485999406;169.6
161;48.84199;2.09576;8137.5509787038445;0.06551304695736211;171.3
162;48.84206;2.09573;8145.638321374065;0.06182500487349555;171.8
163;48.84213;2.0956900000000003;8153.95420761908;0.06012588259004592;172.3
164;48.84231;2.09557;8175.811079407513;0.032026540978771424;173.0
165;48.84235;2.09555;8180.4935026908315;0.0;173.0
166;48.84257;2.09535;8209.000527803595;-0.010523721742739639;172.7
167;48.84264;2.09527;8218.74012615045;-0.020534727704105162;172.5
168;48.842690000000005;2.0952;8226.300036481787;0.013227670120037926;172.6
169;48.84276;2.09512;8236.039626396254;0.0;172.6
170;48.84295;2.09484;8265.471104547069;0.06115900773913946;174.4
171;48.843;2.09475;8274.09021067481;0.05801065592992764;174.9
172;48.843109999999996;2.09452;8294.896567224072;0.08170579966632181;176.6
173;48.84312;2.0945099999999996;8296.227717722353;0.0;176.6
174;48.84336;2.09384;8352.050371421512;0.005374162282158392;176.9
175;48.8437;2.09245;8460.568237713629;0.004607536224994142;177.4
176;48.84387;2.09137;8541.830707310972;0.007383482227072412;178.0
177;48.84389;2.0913;8547.415142502841;0.0;178.0
178;48.84397;2.09091;8577.309070654777;0.0;178.0
179;48.84413;2.09036;8621.31413383802;-0.0022724657747582875;177.9
180;48.84425;2.09001;8650.193932323926;0.0034626280390700754;178.0
181;48.84434;2.0897900000000003;8669.150078078972;0.0;178.0
182;48.844390000000004;2.08964;8681.45451312722;0.0;178.0
183;48.844440000000006;2.08953;8691.23748828898;0.0;178.0
184;48.84454;2.08923;8715.846309502245;0.012190750519911066;178.3
185;48.84483;2.0882;8797.827558828285;0.009758328966400451;179.1
186;48.8449;2.08776;8830.953072799664;-0.015094105420734014;178.6
187;48.84506;2.0872;8875.627728679618;-0.038052895238143876;176.9
188;48.8452;2.08662;8920.835250969896;-0.019908191256779888;176.0
189;48.8452;2.0866;8922.29878899495;0.0;176.0
190;48.84816;2.0749299999999997;9837.482042004065;0.005900457621186642;181.4
191;48.848420000000004;2.07403;9909.403720955259;0.0041712040705217755;181.7
192;48.84898;2.0722400000000003;10054.429764241559;-0.0006895313264706662;181.6
193;48.84956;2.0706;10190.662806834125;-0.006606326797615824;180.7
194;48.850429999999996;2.06845;10375.342645003828;0.0016244328724413352;181.0
195;48.85152;2.0661099999999997;10585.11476326158;-0.011917694404592907;178.5
196;48.852270000000004;2.06459;10724.123695962526;-0.021581346908504027;175.5
197;48.8523;2.06451;10730.860852661006;-0.04452917060214203;175.2
198;48.855309999999996;2.05829;11295.76936550894;0.0014161585138217955;176.0
199;48.85532;2.05829;11296.88131477574;0.0;176.0
200;48.86274;2.04294;12690.352824991043;-0.004449319526483917;169.8
201;48.8628;2.04283;12700.805568702664;-0.019133732302042;169.6
202;48.867259999999995;2.03363;13536.761472650824;0.00897176509499849;177.1
203;48.86777;2.03271;13624.763012617117;0.010227093757049225;178.0
204;48.86804;2.03227;13668.77572673639;0.0;178.0
205;48.86846;2.0316400000000003;13734.384047095296;0.0;178.0
206;48.8685;2.03157;13741.166179022739;0.0;178.0
207;48.874970000000005;2.02291;14699.678838036169;0.00208656607838497;180.0
208;48.8763;2.0213;14888.715053066151;0.0;180.0
209;48.87754;2.0199;15060.452044816355;0.0;180.0
210;48.878609999999995;2.01876;15205.730876319185;0.0;180.0
211;48.87966;2.01769;15346.280239339412;-0.012806888350970146;178.2
212;48.88053;2.01687;15460.096482667095;-0.001757218426408414;178.0
213;48.88203;2.01555;15652.80497836246;-0.011935125079466598;175.7
214;48.88341;2.01443;15826.74078805059;-0.015522967954908894;173.0
215;48.88363;2.0142700000000002;15853.857338367608;-0.0036877847230160766;172.9
216;48.88402;2.01396;15902.790149590635;-0.01226171121183509;172.3
217;48.88519;2.0131200000000002;16046.657967963385;-0.027108216723600045;168.4
218;48.88632;2.01238;16183.462797856026;-0.04385810065849682;162.4
219;48.888740000000006;2.01087;16474.322437775587;0.00034380844323278974;162.5
220;48.88896;2.01075;16500.311055410093;-0.034630545289372816;161.6
221;48.89077;2.00965;16717.04717199436;-0.02814482466575136;155.5
222;48.8909;2.00958;16732.381703636995;-0.02608491796957574;155.1
223;48.891059999999996;2.00948;16751.61649179379;-0.04159130807569638;154.3
224;48.891059999999996;2.00947;16752.347590450598;0.1367804455234775;154.4
225;48.892920000000004;2.00846;16971.95601007329;-0.029142780641087555;148.0
226;48.89293;2.00846;16973.067959339296;0.0;148.0
227;48.893609999999995;2.00811;17052.89257194762;-0.06013182955928899;143.2
228;48.89395;2.00795;17092.4669688334;-0.1212905407972162;138.4
229;48.89395;2.00794;17093.19802523012;0.0;138.4
230;48.89452;2.00767;17159.581530046817;0.03012796636035558;140.4
231;48.894529999999996;2.00766;17160.91226756092;0.15029259931439395;140.6
232;48.89454;2.00766;17162.02421682772;0.08993216056332222;140.7
233;48.89782;2.0060700000000002;17544.81694235999;0.06348083017045582;165.0
234;48.89847;2.00579;17619.93588170899;0.013312222039691932;166.0
235;48.89905;2.00559;17686.06523000232;0.0;166.0
236;48.89975;2.0054;17765.13105549496;0.012647689362240264;167.0
237;48.89976;2.0054;17766.243004761756;0.0;167.0
238;48.90012;2.00533;17806.598874864412;-0.009911817016521014;166.6
239;48.900729999999996;2.00525;17874.67938535638;-0.017626189805694255;165.4
240;48.90122;2.00522;17929.20900924401;-0.01283705901662829;164.7
241;48.90194;2.00521;18009.272693093677;-0.033723154746035384;162.0
242;48.91264;2.0055400000000003;19199.302838160937;-0.04789794631360227;105.0
243;48.912690000000005;2.00555;19204.910406494273;-0.07133216685424233;104.6
244;48.9128;2.00555;19217.141848424315;-0.06540520770776868;103.8
245;48.91294;2.00558;19232.86275361766;-0.06360956876855735;102.8
246;48.91304;2.00561;19244.196307543087;-0.0617635037170137;102.1
247;48.91397;2.0056599999999998;19347.67212033788;-0.05218610856151378;96.7
248;48.91448;2.00573;19404.611772297016;-0.033368661989074906;94.8
249;48.914840000000005;2.00583;19445.303477422847;-0.041777556254847026;93.1
250;48.91554;2.00597;19523.8093667009;-0.03821369361697764;90.1
251;48.91579;2.00601;19551.761346042535;-0.03219807760302437;89.2
252;48.91656;2.00617;19638.176022439013;-0.07058986105569151;83.1
253;48.91668;2.00617;19651.519413636644;-0.08993216058995178;81.9
254;48.917359999999995;2.00628;19727.557994061008;-0.06444097157855308;77.0
255;48.91745;2.0063;19737.671682452004;-0.05932553750954608;76.4
256;48.9178;2.00642;19777.565480905436;-0.05765307113296875;74.1
257;48.917970000000004;2.00652;19797.831752937916;0.019737226430144663;74.5
258;48.91814;2.00665;19818.98742493528;0.018907458957098455;74.9
259;48.91822;2.00672;19829.248708529238;0.019490738967371433;75.1
260;48.91837;2.00692;19851.424510700683;0.027056518423157934;75.7
261;48.9184;2.00695;19855.416148204247;-0.050104750198732916;75.5
262;48.91857;2.0072099999999997;19882.21648012545;-0.0485068619232847;74.2
263;48.91864;2.00735;19895.070768544985;-0.07001554427799744;73.3
264;48.91874;2.00759;19915.83559179136;-0.05779004163733913;72.1
265;48.91884;2.00792;19942.38881586213;-0.03012816816021324;71.3
266;48.918859999999995;2.00806;19952.85745003679;-0.01910468898455844;71.1
267;48.91887;2.0082;19963.147393920124;0.0;71.1
268;48.91887;2.00834;19973.377080767707;-0.009775470304217939;71.0
269;48.918859999999995;2.00847;19982.94093741211;-0.03136809878634185;70.7
270;48.918820000000004;2.0086;19993.42968909167;-0.019068046046866637;70.5
271;48.91876;2.0087099999999998;20003.87549787875;0.03829287019831222;70.9
272;48.91871;2.00878;20011.430135126662;0.052947611761320054;71.3
273;48.91865;2.00884;20019.413395914944;0.05010483943944573;71.7
274;48.91856;2.00888;20029.839017544567;0.047958770974324876;72.2
275;48.918490000000006;2.00889;20037.656884608517;0.025582425278399455;72.4
276;48.918409999999994;2.00889;20046.552478741327;0.033724560217238124;72.7
277;48.91835;2.00886;20053.57507174841;0.028479508893401097;72.9
278;48.91827;2.0088;20063.492370289903;0.03025017334557556;73.2
279;48.918209999999995;2.0087099999999998;20072.860367838155;0.021349279712113346;73.4
280;48.91817;2.00863;20080.205714156662;0.027228123947817994;73.6
281;48.91814;2.00853;20088.238178096406;0.024898960207014834;73.8
282;48.91811;2.00837;20100.396018838626;0.01645028950786049;74.0
283;48.91811;2.0081700000000002;20115.010079547843;0.03421362549045996;74.5
284;48.91816;2.0079;20135.50747252207;0.00487866921055484;74.6
285;48.91817;2.0078;20142.898616289738;0.0;74.6
286;48.9182;2.00766;20153.658599736682;0.009293694594707741;74.7
287;48.9182;2.0074799999999997;20166.811230676703;0.022809124757477716;75.0
288;48.918279999999996;2.00715;20192.512884142412;0.007781600521027053;75.2
289;48.91835;2.00698;20207.171968099326;0.04093025196959939;75.8
290;48.91836;2.00693;20210.99093044279;0.0;75.8
291;48.91851;2.00659;20240.91430772841;-0.05012803152807061;74.3
292;48.91867;2.00631;20268.027349696455;-0.025817833381626035;73.6
293;48.91878;2.00616;20284.451075578527;0.0;73.6
294;48.91892;2.00599;20304.366919000866;0.04016902438099378;74.4
295;48.919129999999996;2.00578;20332.308273556348;0.0286313964633132;75.2
296;48.91932;2.00563;20356.109110682304;-0.0546199275731461;73.9
297;48.91945;2.0055400000000003;20371.990003009025;-0.05667187847408574;73.0
298;48.92031;2.00503;20474.621822909547;-0.010717923554957664;71.9
299;48.92052;2.00488;20500.416950697534;0.019383505447600636;72.4
300;48.92072;2.0047099999999998;20525.889717382437;0.02355456741005006;73.0
301;48.92100000000001;2.00438;20565.269209995575;0.0;73.0
302;48.92111;2.00422;20582.188942480254;0.0;73.0
303;48.92127;2.00394;20609.301180817372;0.05163719729046977;74.4
304;48.92133;2.00382;20620.318765818414;0.03630559691276269;74.8
305;48.92143;2.00358;20641.082791449706;0.009632043590748068;75.0
306;48.921440000000004;2.00358;20642.194740716503;0.0;75.0
307;48.92192;2.00243;20741.73825725735;0.0;75.0
308;48.92223;2.00161;20810.85963638434;-0.023147686290526156;73.4
309;48.92232;2.0013099999999997;20834.95538336618;0.07470197962139682;75.2
310;48.92239;2.0011400000000004;20849.613615943716;0.06822104880042729;76.2
311;48.92264;2.0004299999999997;20908.467846067488;0.020389358546979153;77.4
312;48.92266;2.00035;20914.721711779577;0.03198021978844422;77.6
313;48.92289;1.9996599999999998;20971.251556788215;0.017689770772362938;78.6
314;48.92361;1.9971;21174.70644839253;-0.009830188815954556;76.6
315;48.92366;1.99688;21191.714512497012;-0.03527738349962829;76.0
316;48.924170000000004;1.99508;21334.931721884786;0.032817285157919394;80.7
317;48.92418;1.9950599999999998;21336.767919108624;0.0;80.7
318;48.92445;1.99415;21409.717961750543;0.004112403353519337;81.0
319;48.92491;1.99272;21526.04374540545;-0.006017582499823182;80.3
320;48.92521;1.99194;21592.076279297264;-0.004543215023241622;80.0
321;48.9256;1.9907599999999999;21688.57933031671;0.0;80.0
322;48.92661;1.9875;21951.90097408444;0.015950075124491894;84.2
323;48.92662;1.98748;21953.73711449353;0.0;84.2
324;48.92678;1.98701;21992.40965395386;0.018100699094718026;84.9
325;48.926809999999996;1.98689;22001.789772391916;0.021321692398734472;85.1
326;48.926829999999995;1.9868599999999998;22004.912173905228;0.0;85.1
327;48.92702;1.98615;22060.92045305148;0.0267817548202676;86.6
328;48.92702;1.9861400000000002;22061.651025737545;0.136878919657656;86.7
329;48.9272;1.9855599999999998;22108.51344825095;0.008535623609419226;87.1
330;48.927240000000005;1.9854;22121.020179851614;-0.007995694094425255;87.0
331;48.92792;1.9832;22298.642032345553;0.028149689521848948;92.0
332;48.92824;1.98226;22375.98542614806;0.024565769700403;93.9
333;48.9285;1.9814200000000002;22443.821023209817;0.014741522789128448;94.9
334;48.92857;1.9811599999999998;22464.34829955162;0.004871566901271933;95.0
335;48.93052;1.9748;22977.0740745028;0.00234043236877307;96.2
336;48.93088;1.97377;23062.303120039334;0.005866544636894772;96.7
337;48.93098;1.97345;23088.18948036288;-0.015452152987153616;96.3
338;48.931129999999996;1.9731599999999998;23115.152359023352;0.007417605609493207;96.5
339;48.93121;1.97308;23125.79590401398;0.02818609779581549;96.8
340;48.931309999999996;1.9730400000000001;23137.292923196106;0.052187440109067694;97.4
341;48.93141;1.9730400000000001;23148.41241586093;0.05395929635333206;98.0
342;48.931490000000004;1.9730900000000002;23158.028685339523;0.04159617208007934;98.4
343;48.93158;1.9731599999999998;23169.266980651093;0.026694440009163146;98.7
344;48.9317;1.9732299999999998;23183.55663898612;0.0279922717969791;99.1
345;48.931999999999995;1.9734599999999998;23220.90740893581;0.042837135677661224;100.7
346;48.93202;1.97347;23223.248211034588;0.042720399153852597;100.8
347;48.93221;1.9736099999999999;23246.72037858034;0.05112437944475806;102.0
348;48.93243;1.97373;23272.706421383773;0.04617863554974898;103.2
349;48.932559999999995;1.97385;23289.61198446156;0.053236913544898526;104.1
350;48.93269;1.9739200000000001;23304.94508861135;0.04565285627500521;104.8
351;48.932759999999995;1.97397;23313.54308196515;0.0465224830423122;105.2
352;48.9328;1.9739900000000001;23318.2246791301;0.06408069499142297;105.5
353;48.9329;1.97406;23330.463555563503;0.08170684665715783;106.5
354;48.932959999999994;1.9740900000000001;23337.48594925505;0.07120079305750228;107.0
355;48.93357;1.9745099999999998;23411.930801271545;0.06582053516493443;111.9
356;48.933659999999996;1.97458;23423.168999649755;0.08008401077391082;112.8
357;48.934020000000004;1.97482;23466.869835077938;0.0755134305252176;116.1
358;48.93407;1.9748599999999998;23473.150612075347;0.07960798484108467;116.6
359;48.93436;1.9750299999999998;23507.70555381342;0.06366672578052905;118.8
360;48.93464;1.97517;23540.47662401222;0.06713238190435028;121.0
361;48.93488;1.9752599999999998;23567.96123070244;0.054576003830311096;122.5
362;48.93575;1.9755099999999999;23666.409298176342;0.049772434601614;127.4
363;48.93581;1.9755599999999998;23674.01523348077;0.06573813475756987;127.9
364;48.93645;1.97575;23746.52061695674;0.008275247591771678;128.5
365;48.93696;1.97593;23804.734197902242;-0.010306873245981622;127.9
366;48.93704;1.97595;23813.748946229087;-0.022185866177141824;127.7
367;48.93756;1.9761799999999998;23873.961405228685;-0.029894145329823235;125.9
368;48.93835;1.97662;23967.499783209732;-0.028865157364040328;123.2
369;48.93843;1.9766299999999999;23976.42531335327;-0.011203816287866283;123.1
370;48.93969;1.97741;24127.67103381061;-0.054877585791533456;114.8
371;48.93972;1.9774599999999998;24132.61719522063;-0.10108849237852299;114.3
372;48.94043;1.9778200000000001;24215.829035088533;0.01321927266295577;115.4
373;48.94063;1.9778900000000001;24238.64813680945;0.0219114672485845;115.9
374;48.94063;1.9779;24239.378510353094;-0.136916240833792;115.8
375;48.94064;1.9779;24240.49045961989;0.089932160563335;115.9
376;48.94064;1.9779200000000001;24241.951206414535;-0.06845813413147654;115.8
377;48.94065;1.9779200000000001;24243.063155680542;0.0;115.8
378;48.94065;1.97793;24243.793528931514;0.0;115.8
379;48.94066;1.97793;24244.90547819831;0.0;115.8
380;48.94066;1.9779400000000003;24245.635851302977;0.0;115.8
381;48.940690000000004;1.9779400000000003;24248.97169910258;0.029977386861545073;115.9
382;48.940690000000004;1.97793;24249.702071768243;0.0;115.9
383;48.9407;1.97793;24250.81402103425;0.08993216062722287;116.0
384;48.9407;1.9779200000000001;24251.54439355354;0.0;116.0
385;48.940709999999996;1.9779200000000001;24252.656342819548;0.0;116.0
386;48.94121;1.9780799999999998;24309.46864935127;0.029923094198803426;117.7
387;48.94124;1.9780799999999998;24312.804497150875;0.059954773723085886;117.9
388;48.94135;1.9781;24325.122853246576;0.06494373062321152;118.7
389;48.9415;1.9781400000000002;24342.056012131183;0.08267801711071737;120.1
390;48.94167;1.97817;24361.085710877436;0.0788241590159344;121.6
391;48.94181;1.97817;24376.653000607086;0.07708470908166677;122.8
392;48.94246;1.9782099999999998;24448.98872007948;0.06773970088000693;127.7
393;48.94249;1.9782;24452.403582685343;0.05856751005345618;127.9
394;48.94311;1.97816;24521.4063058773;-0.013042963500097355;127.0
395;48.94362;1.97817;24578.12042108047;0.0;127.0
396;48.943979999999996;1.97815;24618.177234592767;-0.04243972125936063;125.3
397;48.94404;1.9781400000000002;24624.88878399895;-0.059598756679272315;124.9
398;48.94453;1.97816;24679.393872857316;-0.05871011435859683;121.7
399;48.944559999999996;1.97817;24682.80872898372;-0.029283810590661524;121.6
400;48.94485;1.97822;24715.261349450517;-0.027732737358475288;120.7
401;48.94489;1.9782400000000002;24719.942836207672;-0.021360735421745713;120.6
402;48.94511;1.97832;24745.093725283667;-0.03578402327172621;119.7
403;48.94554;1.97852;24795.088718004692;-0.06000600933657714;116.7
404;48.94559;1.97853;24800.696223627063;-0.035666482295105856;116.5
405;48.94575;1.9786099999999998;24819.4221414335;-0.06408230626684594;115.3
406;48.945859999999996;1.97868;24832.67889750414;-0.045259941180395044;114.7
407;48.946090000000005;1.9788;24859.71353807995;-0.04808645398316585;113.4
408;48.9461;1.9788;24860.825487345955;0.0;113.4
409;48.94661;1.97907;24920.865057992578;-0.039973636955629624;111.0
410;48.94678;1.9791400000000001;24940.44722043901;0.020426753229844035;111.4
411;48.946940000000005;1.97922;24959.173094779104;0.02136081833805537;111.8
412;48.947109999999995;1.9792900000000002;24978.755248399426;0.020426762436633855;112.2
413;48.947390000000006;1.9793599999999998;25010.30669740865;0.028524838898425973;113.1
414;48.947829999999996;1.97943;25059.498792978036;0.024394163048154713;114.3
415;48.94827;1.9794200000000002;25108.430010358166;0.018393165921220398;115.2
416;48.948370000000004;1.97941;25119.57345678458;0.0;115.2
417;48.948409999999996;1.97941;25124.0212538494;0.0;115.2
418;48.949690000000004;1.9791900000000002;25267.25459084009;0.01117058384322926;116.8
419;48.94984;1.97915;25284.18766550099;0.017716806073776813;117.1
420;48.9502;1.97908;25324.54288564528;-0.00991197665555468;116.7
421;48.95022;1.97908;25326.76678417809;-0.04496608029764267;116.6
422;48.950509999999994;1.97902;25359.309604616978;-0.03994736726772631;115.3
423;48.95148;1.97888;25467.65208375123;-0.014767984014999215;113.7
424;48.95162;1.97888;25483.21937348167;-0.03211862878239763;113.2
425;48.95187;1.9789;25511.056440742406;-0.06106965162949065;111.5
426;48.95213;1.9789599999999998;25540.29721297552;-0.07865729337322669;109.2
427;48.95216;1.97898;25543.938734367184;-0.10984419888780242;108.8
428;48.95239;1.97908;25570.535571571465;-0.07519691099504486;106.8
429;48.95263;1.97922;25599.113358454022;-0.06998442560367946;104.8
430;48.954029999999996;1.98015;25768.952910046068;-0.06123426435428124;94.4
431;48.95427;1.98029;25797.5305767192;-0.076983191985662;92.2
432;48.95452;1.9804099999999998;25826.677502229843;-0.07547965905346013;90.0
433;48.95477;1.98049;25855.083325965366;-0.07392850211113207;87.9
434;48.95495;1.98052;25875.217922348616;-0.06953206179810742;86.5
435;48.955020000000005;1.9805400000000002;25883.137371956276;-0.06313570068258448;86.0
436;48.95524;1.9805400000000002;25907.600255817943;-0.03679042933324378;85.1
437;48.955259999999996;1.98055;25909.94095180172;0.0;85.1
438;48.955420000000004;1.98053;25927.7919714976;-0.06162112970239988;84.0
439;48.95597;1.9804;25989.681406488824;-0.04847353995759594;81.0
440;48.9567;1.98016;26072.723642521625;-0.038534607843845575;77.8
441;48.95694;1.9801;26099.767605522877;-0.04067451208792952;76.7
442;48.95717;1.98006;26125.50865445919;-0.027193919009746145;76.0
443;48.957409999999996;1.9800400000000002;26152.235358561764;-0.02993260960759507;75.2
444;48.957809999999995;1.9800400000000002;26196.713329219485;-0.029227952192426795;73.9
445;48.95797;1.98003;26214.519492658754;-0.03369619750185744;73.3
446;48.95841;1.98003;26263.445260382086;-0.03270260385177192;71.7
447;48.95856;1.98006;26280.26770337526;-0.029722199100507735;71.2
448;48.95863;1.9801099999999998;26288.864892750793;-0.023263416828894098;71.0
449;48.95864;1.9801400000000002;26291.321308243936;-0.04070972532093578;70.9
450;48.958659999999995;1.9801799999999998;26294.992096993617;0.0;70.9
451;48.95867;1.9801900000000001;26296.32231922566;0.0;70.9
452;48.95868;1.9802099999999998;26298.157713018696;-0.05448422043235239;70.8
453;48.95872;1.98025;26303.47860082074;-0.0375877123218196;70.6
454;48.95874;1.98026;26305.819280916257;0.0;70.6
455;48.95875;1.98027;26307.149502505566;-0.07517544505636062;70.5
456;48.95877;1.9802799999999998;26309.49018246411;-0.04272262836918793;70.4
457;48.95879;1.9802799999999998;26311.714080996917;0.0;70.4
458;48.95881;1.98029;26314.054760772837;-0.04272263170243977;70.3
459;48.95883;1.98029;26316.278659305644;-0.04496608029763628;70.2
460;48.95884;1.9802799999999998;26317.6088801719;0.0;70.2
461;48.958859999999994;1.9802799999999998;26319.83277870392;-0.04496608031361783;70.1
462;48.95896;1.98043;26335.43984255892;-0.02562942035198074;69.7
463;48.9591;1.9806700000000002;26358.878668986592;-0.02559855126926104;69.1
464;48.95926;1.9810400000000001;26391.224773395174;-0.03709874873468779;67.9
465;48.96195;1.98669;26900.756167993623;-0.02727996772594216;54.0
466;48.96216;1.9871599999999998;26942.260814239813;-0.01927495045385263;53.2
467;48.962340000000005;1.9875200000000002;26975.29640371363;-0.018162230780701893;52.6
468;48.962709999999994;1.98813;27035.925469294307;-0.042883722107515336;50.0
469;48.962990000000005;1.98852;27078.115637196155;-0.03555330719445476;48.5
470;48.96328;1.98885;27118.367803926805;-0.029812059758915085;47.3
471;48.96359;1.9891599999999998;27159.60350511557;-0.029100996597747876;46.1
472;48.96392;1.98945;27201.967233975865;-0.09914141443616636;41.9
473;48.96485;1.9902;27318.978635468975;-0.051277054401859576;35.9
474;48.96532;1.9906099999999998;27379.204208738396;-0.05147315055237437;32.8
475;48.96561;1.9909299999999999;27419.02308918859;-0.052738800695980595;30.7
476;48.96561;1.9909400000000002;27419.753097116023;-0.13698481378394664;30.6
477;48.96587;1.99132;27459.819888508424;-0.034941654955317265;29.2
478;48.9661;1.99173;27499.18844159722;-0.035561378058326286;27.8
479;48.967009999999995;1.99365;27672.05658273597;-0.017932743301218256;24.7
480;48.96702;1.9936599999999998;27673.386737883506;-0.07517920009954984;24.6
481;48.96731;1.9942799999999998;27728.958519828448;0.025192641858903457;26.0
482;48.96735;1.99435;27735.733013502064;0.08856750465894381;26.6
483;48.967690000000005;1.9951;27802.266556988845;0.06613205564309464;31.0
484;48.96787;1.9956;27843.893071191775;-0.019218520102355353;30.2
485;48.96802;1.9961900000000001;27890.078442016616;-0.09959863735738667;25.6
486;48.96804;1.99636;27902.685670957693;-0.10311544321721308;24.3
487;48.96808;1.99658;27919.34960675328;-0.09601573239520902;22.7
488;48.9681;1.9967599999999999;27932.675967879197;-0.06753531526694724;21.8
489;48.96812;1.99745;27983.09306154654;-0.011900725653859865;21.2
490;48.968090000000004;1.99806;28027.74609527047;-0.004478978992480393;21.0
491;48.968;1.99915;28107.939954158872;-0.037409348316495505;18.0
492;48.96799;1.9991900000000002;28111.06440623151;0.0;18.0
493;48.96784;2.00109;28250.758809690713;0.02147544873460988;21.0
494;48.96783;2.00113;28253.88327051928;0.0;21.0
495;48.96745;2.00595;28608.26085882489;0.022010421249532654;28.8
496;48.96743;2.00665;28659.40790940943;0.00391029390188251;29.0
497;48.967459999999996;2.00732;28708.43027041097;0.024478625171936035;30.2
498;48.9676;2.00835;28785.21284682468;0.024745197266663327;32.1
499;48.967620000000004;2.00841;28790.12497492555;0.04071555055017757;32.3
500;48.967659999999995;2.00863;28806.789041083728;0.04200655430406753;33.0
501;48.967729999999996;2.00893;28830.03050052868;0.0;33.0
502;48.968;2.00981;28900.937850770148;-0.055001350166364704;29.1
503;48.96832;2.01067;28973.098202945155;0.058203707069137425;33.3
504;48.96836;2.01076;28981.0319290543;0.05041767191067571;33.7
505;48.968509999999995;2.01118;29015.933884887538;0.040112365240770796;35.1
506;48.968779999999995;2.01186;29073.94458643494;-0.04826695635997467;32.3
507;48.9689;2.01222;29103.41677703422;-0.010179087264973219;32.0
508;48.96897;2.01252;29126.657723330838;0.01290825236507884;32.3
509;48.96895;2.0125599999999997;29130.32803180099;-0.02724566635563173;32.2
510;48.96893;2.01262;29135.240055735416;-0.020358206990636004;32.1
511;48.96893;2.01265;29137.42993370815;0.0;32.1
512;48.968920000000004;2.01268;29139.88594626259;-0.04071640424604682;32.0
513;48.968920000000004;2.0128;29148.645459910378;0.01141615893540573;32.1
514;48.96893;2.01283;29151.10147246482;0.04071640424604682;32.2
515;48.96893;2.01286;29153.291350437554;0.04566464490033348;32.3
516;48.968959999999996;2.01295;29160.659385751576;0.02714427815232438;32.5
517;48.96898;2.01297;29163.319664633258;0.0;32.5
518;48.968990000000005;2.0129900000000003;29165.154818286264;0.0;32.5
519;48.96901;2.01301;29167.81509668456;0.0;32.5
520;48.96903;2.01304;29170.93619791773;0.0;32.5
521;48.96909;2.01307;29177.958096713468;-0.028482324484858386;32.3
522;48.96918;2.01307;29187.965640111495;-0.01998492457593905;32.1
523;48.969229999999996;2.01304;29193.941114311026;0.0669402940492066;32.5
524;48.96933;2.0131;29205.892060297236;0.06694030756419234;33.3
525;48.969359999999995;2.01313;29209.882469580025;0.10024034419862458;33.7
526;48.96954;2.01335;29235.543591496596;0.07793891500544366;35.7
527;48.96966;2.01352;29253.765361112422;0.08231911782581226;37.2
528;48.96973;2.01359;29263.07629642309;0.08592047665538784;38.0
529;48.97036;2.01452;29360.62488782538;0.04715598589250342;42.6
530;48.97087;2.01523;29437.44822720211;0.04555907134987434;46.1
531;48.97155;2.01602;29532.539824561947;0.054684116624127165;51.3
532;48.97165;2.01612;29545.84100766911;0.04510876928510573;51.9
533;48.971709999999995;2.0161599999999997;29553.12359179784;0.0411941688138625;52.2
534;48.971920000000004;2.0163599999999997;29580.662250593272;0.054468883584439604;53.7
535;48.97226;2.01662;29622.9643667782;0.05437080239544855;56.0
536;48.97233;2.0167;29632.694851036165;0.041107923243651125;56.4
537;48.97251;2.01684;29655.167631018274;0.05784776075924077;57.7
538;48.972570000000005;2.0169;29663.148295570587;0.05012113933344102;58.1
539;48.972590000000004;2.01693;29666.269287099254;0.0640821989303696;58.3
540;48.972640000000006;2.0169900000000003;29673.34673057151;0.0565175831595339;58.7
541;48.972640000000006;2.01707;29679.18597064176;0.05137654838486625;59.0
542;48.97265;2.01708;29680.516080556456;0.0;59.0
543;48.97265;2.0171;29681.97589028122;0.06850207825278994;59.1
544;48.97268;2.01721;29690.670252582626;0.05750853054733712;59.6
545;48.97274;2.0173;29700.033215150936;0.0;59.6
546;48.97276;2.0173200000000002;29702.69343329381;0.0;59.6
547;48.9728;2.01735;29707.65102582486;0.020171080897368233;59.7
548;48.97282;2.01737;29710.311243003634;0.0;59.7
549;48.97285;2.01737;29713.64709080324;0.059954773723083755;59.9
550;48.972879999999996;2.0173799999999997;29717.06185829896;0.02928457065534554;60.0
551;48.9729;2.0173799999999997;29719.285756832556;0.044966080281664315;60.1
552;48.97296;2.01736;29726.115291417947;0.05856914479290471;60.5
553;48.973009999999995;2.01733;29732.090704776594;0.050205731719944434;60.8
554;48.97303;2.0173099999999997;29734.75091858168;0.03759096348150059;60.9
555;48.97309;2.01722;29744.113848792407;0.021360834215219476;61.1
556;48.9731;2.0171900000000003;29746.56969804422;-0.04071911169881658;61.0
557;48.97377;2.0175099999999997;29824.64574892932;0.012808024850944453;62.0
558;48.97378;2.01752;29825.975849765422;0.0;62.0
559;48.97384;2.01752;29832.647545364634;0.014988693430771473;62.1
560;48.97462;2.0179;29923.7063479232;0.036240318423665624;65.4
561;48.97475;2.01798;29939.296434365577;0.05131466095180625;66.2
562;48.97495;2.01812;29963.770592774315;0.06128913505211467;67.7
563;48.97502;2.01815;29971.856353605395;0.04946967989239946;68.1
564;48.97511;2.01816;29981.89047710259;0.029897977644383036;68.4
565;48.975159999999995;2.01815;29987.49792636847;0.035666840753584915;68.6
566;48.97515;2.01877;30032.763413554523;0.011045943191660332;69.1
567;48.975159999999995;2.0188900000000003;30041.592134936964;0.011326668457210707;69.2
568;48.97517;2.01972;30102.181386528584;0.016504577523751427;70.2
569;48.97524;2.0218;30254.19322554497;0.003289217492764516;70.7
570;48.97525;2.0218700000000003;30259.42189725483;0.019125316246460505;70.8
571;48.9753;2.02372;30394.561601209094;-0.005179824873946005;70.1
572;48.97532;2.0239599999999998;30412.21898994227;0.005663351558439754;70.2
573;48.97526;2.0242;30430.963306962796;-0.016004850946103093;69.9
574;48.97517;2.02619;30576.551261892677;0.0027474800383908175;70.3
575;48.97575;2.02637;30642.368809707732;0.05165795616624766;73.7
576;48.97586;2.02671;30670.03471044187;0.025301905285022654;74.4
577;48.97607;2.0276400000000003;30741.81565632077;0.03204192939836989;76.7
578;48.976279999999996;2.02834;30797.988838716603;0.03738438718323102;78.8
579;48.97652;2.0289900000000003;30852.42009276003;0.038580775639021896;80.9
580;48.97655;2.02909;30860.444785163;0.037384610516522435;81.2
581;48.97674;2.02955;30900.112070013456;0.04033550584649173;82.8
582;48.976859999999995;2.02978;30921.555712308527;0.0606240293561846;84.1
583;48.977129999999995;2.03021;30964.986829134363;0.05065492579484662;86.3
584;48.97715;2.0302599999999997;30969.26027661131;0.04680062199874334;86.5
585;48.977309999999996;2.03056;30997.472388904833;0.03899034530117278;87.6
586;48.97744;2.03092;31027.460459667713;-0.010003977994188062;87.3
587;48.97765;2.03084;31051.530278151302;0.04985496674261006;88.5
588;48.9784;2.0306599999999997;31135.95481674545;0.052117548680390174;92.9
589;48.978629999999995;2.03057;31162.359656946024;0.045446213303490836;94.1
590;48.97868;2.03056;31167.967099504633;0.07133376683208324;94.5
591;48.97874;2.0305299999999997;31174.98886612673;0.07120715154883155;95.0
592;48.97892;2.03048;31195.33387596043;0.06881294290066542;96.4
593;48.979079999999996;2.0304599999999997;31213.184838997924;0.03361163197412485;97.0
594;48.97909;2.03041;31216.999550075514;0.05242861017047014;97.2
595;48.9791;2.03038;31219.45516434581;0.08144601634680669;97.4
596;48.97912;2.0303400000000003;31223.124999951513;0.05449835401053165;97.6
597;48.97913;2.03029;31226.93970822765;0.05242864867314597;97.8
598;48.97919;2.02949;31285.704426882636;0.05445444261866513;101.0
599;48.9792;2.02945;31288.828265993885;0.06402378383696046;101.2
600;48.979209999999995;2.02943;31290.66318158351;0.05449841974503154;101.3
601;48.97925;2.0293900000000002;31295.983409623586;0.07518474715500044;101.7
602;48.97937;2.0293200000000002;31310.271320888605;0.07698816010238264;102.8
603;48.97961;2.02925;31337.442675027356;0.08464797110423715;105.1
604;48.979890000000005;2.0291099999999997;31370.210852787906;0.08850049646310255;108.0
605;48.980059999999995;2.0289900000000003;31391.044087403086;0.11040052312971388;110.3
606;48.98012;2.0289200000000003;31399.447005051046;0.10710565516709482;111.2
607;48.98016;2.02886;31405.68852215959;0.1121522200174051;111.9
608;48.98016;2.02885;31406.41831706403;0.0;111.9
609;48.98018;2.02882;31409.539074693763;0.16021750463303205;112.4
610;48.9802;2.02872;31417.1683420784;0.10485934751887892;113.2
611;48.98024;2.02829;31448.863121488164;0.09780790583590293;116.3
612;48.98025;2.0282400000000003;31452.67775132845;0.052429726703184555;116.5
613;48.980270000000004;2.0282;31456.347533356515;0.10899829933794816;116.9
614;48.98033;2.02811;31465.709794226997;0.09613062618640116;117.8
615;48.98042;2.02802;31477.680224523272;0.10860094147195386;119.1
616;48.9807;2.02788;31510.44835051029;0.15563905003356746;124.2
617;48.98086;2.02785;31528.373742165324;0.17293903863625457;127.3
618;48.980909999999994;2.02786;31533.981180473496;0.17833455225757697;128.3
619;48.98097;2.0279;31541.263547196533;0.13731799537593867;129.3
620;48.98106;2.02798;31552.849581632887;0.11220405110493094;130.6
621;48.98128;2.02821;31582.517190010203;0.04718951329661044;132.0
622;48.981429999999996;2.0283;31600.443025935576;0.050206863643443185;132.9
623;48.98152;2.02832;31610.556443502042;0.06921498053448608;133.6
624;48.981629999999996;2.02831;31622.809636638915;0.106094793861369;134.9
625;48.981790000000004;2.02827;31640.83870925696;0.14975811885616033;137.6
626;48.98188;2.0282400000000003;31651.082927533185;0.15618566071688733;139.2
627;48.981970000000004;2.0282;31661.507510545533;0.14389064754182943;140.7
628;48.9821;2.02813;31676.838927111323;0.14349619883847162;142.9
629;48.9824;2.0277700000000003;31719.300445531087;0.15072470882296338;149.3
630;48.98255;2.02756;31741.951098071822;0.0794679092252542;151.1
631;48.98273;2.0270900000000003;31781.662574363425;0.08058123995447625;154.3
632;48.98283;2.02694;31797.26596034421;0.14740390341123505;156.6
633;48.98292;2.02684;31809.651644931542;0.1534029053140683;158.5
634;48.98307;2.02672;31828.489977540336;0.1167831594062234;160.7
635;48.98324;2.02668;31847.617162225713;0.08365057515354471;162.3
636;48.98385;2.0266;31915.69683758014;0.03819054639235823;164.9
637;48.98413;2.0265400000000002;31947.137777661075;0.03180566476148146;165.9
638;48.98426;2.02652;31961.66660849468;0.02753146516612709;166.3
639;48.98444;2.02651;31981.69499361453;0.03495039644041618;167.0
640;48.98448;2.02652;31986.20225524898;0.0;167.0
641;48.98469;2.02651;32009.564589304544;0.0;167.0
642;48.984970000000004;2.02643;32041.24174336264;0.0;167.0
643;48.98499;2.02641;32043.901764988466;0.0;167.0
644;48.985040000000005;2.02639;32049.649874821647;0.0;167.0
645;48.985209999999995;2.0263;32069.661388065706;0.0;167.0
646;48.9853;2.0262599999999997;32080.08591646309;0.00959276009311849;167.1
647;48.98692;2.0254;32270.83987639564;0.004718119615017407;168.0
648;48.99033;2.02372;32669.33763852187;0.002509424380865748;169.0
649;48.99053;2.02359;32693.515001438052;0.0;169.0
650;48.9931;2.0211;33032.14661399658;0.0059061231315323875;171.0
651;48.993109999999994;2.02108;33033.9812057715;0.0;171.0
652;48.993179999999995;2.02102;33042.91142183317;0.0;171.0
653;48.99357;2.02064;33094.38257168397;0.0;171.0
654;48.99365;2.02058;33104.29694855498;0.010086362592535144;171.1
655;48.99375;2.02052;33116.24710845532;0.04184044432625231;171.6
656;48.9938;2.02048;33122.526259148755;0.031851441343641665;171.8
657;48.993840000000006;2.0204299999999997;33128.27870346071;0.017383914485226314;171.9
658;48.99389;2.02038;33134.92840060029;0.015038278872084943;172.0
659;48.99395;2.0203;33143.79288820201;0.0;172.0
660;48.99422;2.0200400000000003;33179.30619779475;0.0;172.0
661;48.99427;2.0199599999999998;33187.36708813393;0.0;172.0
662;48.9955;2.01878;33348.976234666996;0.0061877685852103695;173.0
663;48.99631;2.01796;33457.101943112866;0.002774548294869178;173.3
664;48.99638;2.01788;33466.8307369231;0.030836299530207344;173.6
665;48.99646;2.01797;33477.887142164145;-0.02713359301323141;173.3
666;48.997240000000005;2.01871;33580.04885199442;0.006851882189158284;174.0
667;48.9973;2.01874;33587.07036441457;0.0;174.0
668;48.997409999999995;2.01875;33599.32354379042;0.0;174.0
669;48.99749;2.01875;33608.21913792244;0.0;174.0
670;48.99759;2.01874;33619.36253714792;0.0;174.0
671;48.997690000000006;2.01871;33630.69537264788;0.0;174.0
672;48.99783;2.01865;33646.86635253756;0.0;174.0
673;48.997840000000004;2.01865;33647.97830180436;0.0;174.0
674;48.9984;2.01845;33711.93402762273;-0.0015635816609131134;173.9
675;48.998909999999995;2.0182;33771.50403533279;-0.008393485567999006;173.4
676;48.99949;2.01785;33840.86751090845;-0.011533447442774406;172.6
677;48.99971;2.01773;33866.849569120175;-0.023092858737775137;172.0
678;48.9999;2.01761;33889.71844937301;-0.02623652725304361;171.4
679;48.99995;2.01757;33895.997432619675;-0.031852290752037396;171.2
680;49.00011;2.01741;33917.27567095601;-0.014098911538539418;170.9
681;49.0002;2.01728;33931.062919100805;0.014506158001914921;171.1
682;49.000240000000005;2.01717;33940.23765065775;0.02179900291998794;171.3
683;49.00038;2.01713;33956.07606059121;-0.04419635575419318;170.6
684;49.00058;2.0171;33978.422468928766;-0.05369990478438431;169.4
685;49.00067;2.0171;33988.43001232679;-0.039969849151879525;169.0
686;49.00077;2.01708;33999.644813350445;-0.026750363146638152;168.7
687;49.000859999999996;2.01705;34009.88885344944;-0.039047094323580785;168.3
688;49.00087;2.01705;34011.00080271624;-0.08993216056334778;168.2
689;49.001020000000004;2.01697;34028.67154191513;-0.07356794672640492;166.9
690;49.00111;2.0169;34039.90659702565;-0.0801064161365411;166.0
691;49.00116;2.01684;34046.98249017851;-0.07066245761465224;165.5
692;49.00122;2.01674;34056.86816869437;-0.07080950476762608;164.8
693;49.00141;2.01633;34093.48637848789;-0.049155871085709825;163.0
694;49.00152;2.01615;34111.431384716205;-0.055725809580505395;162.0
695;49.00156;2.0161;34117.183470524;-0.08692498977017715;161.5
696;49.00186;2.01583;34155.92257428483;-0.12906855127237332;156.5
697;49.00225;2.01543;34208.19134236406;-0.14157594050778707;149.1
698;49.00226;2.0154099999999997;34210.0257209617;-0.05451437349346041;149.0
699;49.00248;2.01523;34237.78975340778;-0.0972481214767182;146.3
700;49.00265;2.01515;34257.57319100563;-0.09603993191792735;144.4
701;49.00286;2.0150900000000003;34281.33076631983;-0.10102041004855768;142.0
702;49.00302;2.01506;34299.25603908839;-0.10041688197668121;140.2
703;49.00374;2.01499;34379.479055147924;-0.07603802873071815;134.1
704;49.004020000000004;2.01494;34410.82653320427;-0.051040788580313246;132.5
705;49.00432;2.01487;34444.57353812659;-0.032595485215115516;131.4
706;49.00462;2.01478;34478.57187075962;-0.011765282854238515;131.0
707;49.005559999999996;2.0147;34583.257868722656;0.010507613447868505;132.1
708;49.0057;2.0147;34598.825158453095;-0.03211862878239763;131.6
709;49.0058;2.0146900000000003;34609.96854980645;-0.03589571498622802;131.2
710;49.00578;2.01476;34615.53777916222;-0.0538674169863559;130.9
711;49.00578;2.01479;34617.726038244;-0.0913968559140181;130.7
712;49.005790000000005;2.01483;34620.84842177272;-0.09608044535226026;130.4
713;49.00581;2.01485;34623.50810884655;-0.07519681618470486;130.2
714;49.00582;2.01485;34624.62005811335;-0.08993216056332222;130.1
715;49.005829999999996;2.0148599999999997;34625.94990144939;-0.07519682754354934;130.0
716;49.00586;2.0148599999999997;34629.285749249;-0.029977386861540813;129.9
717;49.00588;2.01485;34631.62621412821;-0.04272655440724031;129.8
718;49.00589;2.01484;34632.95605698286;0.0;129.8
719;49.0059;2.0148099999999998;34635.41062147826;0.08148084940312858;130.0
720;49.00605;2.0154900000000002;34687.740261578;-0.08981525558061008;125.3
721;49.00611;2.01571;34705.11904504686;-0.08055799777405204;123.9
722;49.006370000000004;2.01686;34793.84389830668;-0.0698789546807546;117.7
723;49.00638;2.01689;34796.298443997315;-0.12222221046643857;117.4
724;49.006409999999995;2.01704;34807.73683850026;-0.061197399671748;116.7
725;49.006440000000005;2.01714;34815.75754989176;-0.049870888064146454;116.3
726;49.006609999999995;2.0178700000000003;34872.260246169484;-0.06017411953737906;112.9
727;49.00667;2.0180700000000003;34888.301611670584;-0.06233883268424359;111.9
728;49.00691;2.01874;34943.983509894;-0.043101978858015304;109.5
729;49.00692;2.01876;34945.81777991655;0.0;109.5
730;49.00796;2.02162;35184.33434653618;-0.04402209938207132;99.0
731;49.00801;2.02178;35197.2612296827;-0.023207450442590864;98.7
732;49.00805;2.02188;35205.804261912934;-0.058527228567671646;98.2
733;49.0086;2.0235;35338.853043656;-0.01653528856993507;96.0
734;49.00864;2.0236;35347.39600209683;-0.011705546818776873;95.9
735;49.00863;2.0236099999999997;35348.725822856635;0.0;95.9
736;49.00863;2.02362;35349.4552008027;0.0;95.9
737;49.00862;2.02362;35350.56715006871;0.08993216062722287;96.0
738;49.00862;2.02363;35351.2965281612;0.0;96.0
739;49.00861;2.0236400000000003;35352.62634908173;0.0;96.0
740;49.00861;2.02366;35354.085105559716;0.0;96.0
741;49.0086;2.02367;35355.41492655991;0.0;96.0
742;49.0086;2.02379;35364.16746718582;0.0;96.0
743;49.00861;2.0238;35365.497288186016;0.0;96.0
744;49.00861;2.02382;35366.95604466404;0.0;96.0
745;49.00862;2.02382;35368.06799393084;0.0;96.0
746;49.00862;2.02383;35368.79737202333;0.0;96.0
747;49.00863;2.0238400000000003;35370.12719286285;-0.07519809964458674;95.9
748;49.00863;2.02385;35370.85657080885;0.0;95.9
749;49.00864;2.02385;35371.96852007565;0.0;95.9
750;49.00864;2.02386;35372.6978978752;0.0;95.9
751;49.00865;2.02386;35373.809847142;0.0;95.9
752;49.00865;2.02387;35374.539224795066;0.0;95.9
753;49.00867;2.02387;35376.76312332787;-0.04496608029764267;95.8
754;49.00868;2.02388;35378.09294376565;0.0;95.8
755;49.00871;2.02388;35381.42879156526;-0.059954773723085886;95.6
756;49.008720000000004;2.02387;35382.75861168232;0.0;95.6
757;49.00873;2.02387;35383.87056094833;0.0;95.6
758;49.00874;2.02386;35385.2003809047;-0.07519814958467089;95.5
759;49.0103;2.02849;35764.84277233223;-0.012116665851521675;90.9
760;49.010329999999996;2.0285599999999997;35770.94143886208;-0.016397027040345815;90.8
761;49.01038;2.02865;35779.543715349624;-0.02324965958600015;90.6
762;49.01058;2.02942;35839.946693466154;-0.01158883256798317;89.9
763;49.01058;2.02946;35842.864090988725;0.0;89.9
764;49.010709999999996;2.03039;35912.21670372946;-0.010093347205488238;89.2
765;49.01072;2.0305400000000002;35923.21327814538;-0.03637496413618096;88.8
766;49.010709999999996;2.03064;35930.59102811401;0.01355426795773891;88.9
767;49.01078;2.03085;35947.77164950549;-0.02910255622347853;88.4
768;49.01077;2.03087;35949.60582958903;0.1090405472151183;88.6
769;49.01076;2.03088;35950.93563323534;0.0751990718911546;88.7
770;49.01076;2.0308900000000003;35951.66497997918;0.0;88.7
771;49.01075;2.0309;35952.99478370517;0.07519906738506582;88.8
772;49.01075;2.03091;35953.72413059547;0.0;88.8
773;49.010740000000006;2.03092;35955.053934401825;0.07519906284063524;88.9
774;49.010740000000006;2.03096;35957.97132254894;0.034277235306815285;89.0
775;49.01073;2.03097;35959.3011264363;0.07519905825982928;89.1
776;49.01073;2.03103;35963.67720953594;0.022851485614669098;89.2
777;49.010740000000006;2.03105;35965.511390551976;0.0;89.2
778;49.010740000000006;2.0310799999999998;35967.6994316623;0.04570298040925594;89.3
779;49.01075;2.0310900000000003;35969.029235468675;-0.07519906283962001;89.2
780;49.01075;2.03111;35970.48792924923;0.06855448438377898;89.3
781;49.01076;2.03112;35971.81773297524;0.0;89.3
782;49.01076;2.03114;35973.27642646285;0.0;89.3
783;49.01077;2.03115;35974.60623010916;-0.07519907189114391;89.2
784;49.01077;2.03116;35975.33557670647;0.0;89.2
785;49.01078;2.03116;35976.44752597248;0.0;89.2
786;49.01079;2.03117;35977.77732945811;0.0;89.2
787;49.01079;2.03118;35978.506675762445;0.0;89.2
788;49.0108;2.03119;35979.83647916774;-0.07519908552046554;89.1
789;49.01081;2.03119;35980.948428433745;0.0;89.1
790;49.01083;2.0312099999999997;35983.60803484193;-0.0375995484491188;89.0
791;49.010909999999996;2.0312099999999997;35992.50362897316;-0.06744912044645762;88.4
792;49.01093;2.03119;35995.1632337751;-0.037599571157003825;88.3
793;49.010940000000005;2.03119;35996.2751830419;-0.08993216056332222;88.2
794;49.010940000000005;2.03118;35997.00452714885;0.0;88.2
795;49.01095;2.03117;35998.334329348305;0.0;88.2
796;49.01096;2.03117;35999.44627861431;-0.08993216062723565;88.1
797;49.01096;2.03116;36000.17562242828;0.0;88.1
798;49.01097;2.03115;36001.50542446771;-0.07519916275901131;88.0
799;49.01097;2.03114;36002.234768135146;0.0;88.0
800;49.010979999999996;2.03113;36003.564570093564;-0.07519916733982057;87.9
801;49.010979999999996;2.03112;36004.29391361454;0.0;87.9
802;49.01099;2.03111;36005.623715493275;0.0;87.9
803;49.01099;2.0311;36006.35305886776;0.0;87.9
804;49.011;2.0310900000000003;36007.68286066613;-0.07519917639037806;87.8
805;49.011;2.03103;36012.058920034106;-0.02285160953981092;87.7
806;49.01101;2.0310200000000003;36013.38872175147;-0.07519918097118912;87.6
807;49.01101;2.031;36014.84740791448;0.0;87.6
808;49.011;2.03098;36016.6815826389;0.0;87.6
809;49.011;2.03093;36020.32829877885;-0.027421931448016437;87.5
810;49.01099;2.03092;36021.65810057724;0.07519917638936283;87.6
811;49.01099;2.03091;36022.387443951724;0.0;87.6
812;49.0112;2.03052;36059.188886145996;-0.024455563324095816;86.7
813;49.01166;2.02977;36134.078190181455;0.014688345874854397;87.8
814;49.01191;2.0294;36172.820602237625;0.03355495775831449;89.1
815;49.01254;2.0286299999999997;36262.60435095295;0.01002408579367332;90.0
816;49.01274;2.02841;36290.02724675851;0.025526115292973925;90.7
817;49.01276;2.02838;36293.14700027887;0.03205381429890252;90.8
818;49.012809999999995;2.02833;36299.79593735983;0.03007999587976067;91.0
819;49.012859999999996;2.02826;36307.344049282416;0.0;91.0
820;49.013909999999996;2.02707;36452.82173200003;-0.0006873906576729199;90.9
821;49.01477;2.02605;36573.97544522128;-0.0379682956278831;86.3
822;49.01491;2.0258700000000003;36594.33872059969;-0.10803762946371041;84.1
823;49.0153;2.02542;36648.722687085894;-0.08826130770026618;79.3
824;49.015390000000004;2.0253;36662.01693913145;-0.015044095697501527;79.1
825;49.01789;2.02236;37013.08022463698;0.039024302926670536;92.8
826;49.01793;2.0223299999999997;37018.036941669714;0.060523931065444986;93.1
827;49.01813;2.02215;37043.860823211326;0.04646861464518911;94.3
828;49.01835;2.02197;37071.622876852525;0.028816312018533914;95.1
829;49.0185;2.02188;37089.54692291408;0.03347458480855225;95.7
830;49.018570000000004;2.02183;37098.14224959506;0.0232684582475059;95.9
831;49.01858;2.02182;37099.4719904909;0.0;95.9
832;49.0188;2.0217099999999997;37125.21646039731;0.003884329347760061;96.0
833;49.019009999999994;2.02165;37148.97377424125;0.00420923007781406;96.1
834;49.019059999999996;2.02164;37154.581139855465;0.0;96.1
835;49.019090000000006;2.02163;37157.99576275462;0.0;96.1
836;49.01927;2.02159;37178.22227919862;0.004944005077534822;96.2
837;49.0193;2.0215799999999997;37181.636901439946;0.0;96.2
838;49.01954;2.02156;37208.36350618253;-0.014966360443183058;95.8
839;49.01963;2.02156;37218.37104958056;-0.019984924575939762;95.6
840;49.019729999999996;2.02155;37229.51442757711;-0.017947879005978364;95.4
841;49.01981;2.02156;37238.4398602897;0.0;95.4
842;49.02012;2.02162;37273.18685087448;-0.008633841232035023;95.1
843;49.02033;2.02168;37296.94414334906;-0.0042092338639605625;95.0
844;49.02062;2.02179;37330.17333298345;0.0;95.0
845;49.02104;2.02197;37378.68462641591;0.0;95.0
846;49.021359999999994;2.0220700000000003;37415.00649143116;0.0;95.0
847;49.0218;2.02223;37465.30410477135;0.02982248859115408;96.5
848;49.02214;2.02231;37503.55778028898;0.031369534659405326;97.7
849;49.02268;2.02239;37563.88573359524;0.03149452112778304;99.6
850;49.0231;2.0224;37610.59329479648;0.02355079074372143;100.7
851;49.02321;2.02239;37622.84645167639;0.008161162138057041;100.8
852;49.02332;2.02237;37635.164523342486;0.016236307550514754;101.0
853;49.02342;2.0223400000000002;37646.49714052142;0.026472261019968208;101.3
854;49.02393;2.0222599999999997;37703.505774966376;0.012278841737138517;102.0
855;49.02395;2.0223;37707.17352160051;0.0;102.0
856;49.02395;2.02231;37707.90267510241;0.0;102.0
857;49.023959999999995;2.02231;37709.014624368414;0.0;102.0
858;49.02397;2.0223299999999997;37710.84849710312;0.0;102.0
859;49.023990000000005;2.02248;37722.009597723394;0.0;102.0
860;49.02398;2.02276;37742.45613951023;0.0;102.0
861;49.02394;2.02311;37768.361197952625;0.0;102.0
862;49.02427;2.0232;37805.63770702033;0.005365309279276711;102.2
863;49.02422;2.0235;37828.20767495701;-0.008861332925287154;102.0
864;49.02422;2.02353;37830.39512359447;0.0;102.0
865;49.024229999999996;2.02355;37832.22899026997;0.0;102.0
866;49.02424;2.02356;37833.558685690565;0.0;102.0
867;49.02425;2.02358;37835.392551900484;0.0;102.0
868;49.02426;2.02359;37836.72224715974;0.0;102.0
869;49.02428;2.0236;37839.062628042426;0.0;102.0
870;49.02467;2.0237;37883.03736138439;0.018192264948574444;102.8
871;49.02469;2.02371;37885.37774039547;0.042728122037864455;102.9
872;49.0247;2.02372;37886.70743212014;0.0;102.9
873;49.02471;2.02372;37887.81938138615;0.08993216062722287;103.0
874;49.024809999999995;2.02388;37903.935984089716;0.0;103.0
875;49.02471;2.02448;37949.075481160784;-0.022153547666372782;102.0
876;49.02469;2.02469;37964.54812951861;0.0;102.0
877;49.0247;2.02471;37966.381985242166;0.0;102.0
878;49.0247;2.02473;37967.840270267676;0.0;102.0
879;49.02472;2.02475;37970.49965347533;0.0;102.0
880;49.02473;2.02477;37972.333508499345;0.0;102.0
881;49.02474;2.02478;37973.66319990262;0.0;102.0
882;49.024809999999995;2.02481;37981.748368558125;0.0;102.0
883;49.0248;2.02489;37987.68653418671;0.0;102.0
884;49.02479;2.02493;37990.80787677515;0.0;102.0
885;49.02475;2.02497;37996.12664126281;0.0;102.0
886;49.024429999999995;2.0253900000000002;38043.072760968615;0.0;102.0
887;49.02458;2.02552;38062.257295509284;0.0;102.0
888;49.0247;2.02565;38078.624792360526;0.0;102.0
